{"lastUpdated":"2020-09-10T17:03:06Z","cmps":{"2":{"id":2,"name":"AppConsent by SFBX\u00ae ","isCommercial":true},"3":{"id":3,"name":"LiveRamp","isCommercial":true},"5":{"id":5,"name":"Usercentrics.com","isCommercial":true},"6":{"id":6,"name":"Sourcepoint Technologies, Inc.","isCommercial":true},"7":{"id":7,"name":"Didomi","isCommercial":true},"9":{"id":9,"name":"Admiral","isCommercial":true},"10":{"id":10,"name":"InMobi PTE Ltd","isCommercial":true},"14":{"id":14,"name":"Verizon Media EMEA limited","isCommercial":false},"18":{"id":18,"name":"Evidon, Inc.","isCommercial":true},"21":{"id":21,"name":"Traffective GmbH","isCommercial":true},"23":{"id":23,"name":"Conversant Europe Ltd.","isCommercial":true},"25":{"id":25,"name":"ShareThis, Inc.","isCommercial":true},"27":{"id":27,"name":"Associated Newspapers Ltd","isCommercial":true},"28":{"id":28,"name":"OneTrust LLC","isCommercial":true},"30":{"id":30,"name":"Rich Audience International SL","isCommercial":true},"31":{"id":31,"name":"consentmanager.net","isCommercial":true},"44":{"id":44,"name":"Madvertise Media","isCommercial":true},"45":{"id":45,"name":"Ogury Ltd","isCommercial":true},"46":{"id":46,"name":"Mediavine, Inc.","isCommercial":true},"47":{"id":47,"name":"TrustArc Inc","isCommercial":true},"50":{"id":50,"name":"ETARGET SE","isCommercial":false},"54":{"id":54,"name":"NextRoll, Inc ","isCommercial":false},"58":{"id":58,"name":"Ciao people s.r.l.","isCommercial":false},"61":{"id":61,"name":"Spolecznosci Sp. z o.o. Sp.k.","isCommercial":false},"63":{"id":63,"name":"ALZ Software Ltd (trading as Clickio)","isCommercial":true},"65":{"id":65,"name":"OneTag Ltd","isCommercial":true},"68":{"id":68,"name":"Transfon Ltd","isCommercial":true},"69":{"id":69,"name":"Gremi Media SA","isCommercial":false},"72":{"id":72,"name":"Wirtualna Polska Media S.A.","isCommercial":false},"76":{"id":76,"name":"SIBBO VENTURES SLU","isCommercial":true},"77":{"id":77,"name":"Teaching Aids, LLC","isCommercial":true},"79":{"id":79,"name":"SFR","isCommercial":false},"84":{"id":84,"name":"Alma Media","isCommercial":false},"90":{"id":90,"name":"Commanders Act","isCommercial":true},"92":{"id":92,"name":"SIRDATA","isCommercial":true},"96":{"id":96,"name":"Triboo Data Analytics","isCommercial":true},"104":{"id":104,"name":"Gemius SA","isCommercial":true},"105":{"id":105,"name":"DAILYMOTION SA","isCommercial":false},"113":{"id":113,"name":"Grand Play Media, LLC","isCommercial":false},"123":{"id":123,"name":"iubenda","isCommercial":true},"125":{"id":125,"name":"eBay Inc","isCommercial":false},"129":{"id":129,"name":"Adevinta Spain S.L.U.","isCommercial":false},"134":{"id":134,"name":"Cookiebot","isCommercial":true},"162":{"id":162,"name":"Cookie Information APS","isCommercial":true},"167":{"id":167,"name":"1&1 Mail & Media GmbH","isCommercial":false},"168":{"id":168,"name":"Outlook.com - Microsoft Corporation","isCommercial":false},"170":{"id":170,"name":"AGORA SA","isCommercial":false},"181":{"id":181,"name":"Marfeel Solutions S.L","isCommercial":true},"193":{"id":193,"name":"RTP SA","isCommercial":false},"198":{"id":198,"name":"Microsoft Corporation","isCommercial":false},"217":{"id":217,"name":"BMIND SALES MAKER COMPANY S.L.","isCommercial":true},"218":{"id":218,"name":"RCS MediaGroup S.p.A.","isCommercial":true},"224":{"id":224,"name":"Ensighten, Inc","isCommercial":true},"229":{"id":229,"name":"Snigel Web Services Limited","isCommercial":true},"236":{"id":236,"name":"WebAds B.V","isCommercial":true},"237":{"id":237,"name":"ALPRED SL","isCommercial":false},"242":{"id":242,"name":"GG Software, LLC","isCommercial":true},"246":{"id":246,"name":"Overwolf Ltd.","isCommercial":false},"247":{"id":247,"name":"Seznam.cz, a.s.","isCommercial":true},"252":{"id":252,"name":"MAIRDUMONT NETLETIX GmbH & Co. KG","isCommercial":true},"259":{"id":259,"name":"CIVIC COMPUTING LTD","isCommercial":true},"264":{"id":264,"name":"Secure Privacy","isCommercial":true},"235":{"id":235,"name":"Adnuntius AS","isCommercial":true},"273":{"id":273,"name":"Next14 SpA","isCommercial":true},"280":{"id":280,"name":"Ringier Axel Springer Polska","isCommercial":true},"291":{"id":291,"name":"Consent Desk LLC","isCommercial":true},"292":{"id":292,"name":"Blasting SA","isCommercial":false},"299":{"id":299,"name":"Ezoic","isCommercial":true},"297":{"id":297,"name":"JUMP GROUP SRL","isCommercial":true},"302":{"id":302,"name":"Gravito Ltd","isCommercial":true},"287":{"id":287,"name":"YouGov plc","isCommercial":false},"303":{"id":303,"name":"Impala Studios B.V.","isCommercial":false},"304":{"id":304,"name":"Decidio GmbH","isCommercial":true},"300":{"id":300,"name":"Google LLC","isCommercial":true},"305":{"id":305,"name":"optAd360","isCommercial":true},"306":{"id":306,"name":"mobile.de GmbH","isCommercial":false},"279":{"id":279,"name":"Osano, Inc.","isCommercial":false},"318":{"id":318,"name":"ProSiebenSat.1 Digital GmbH","isCommercial":false},"309":{"id":309,"name":"eBay Kleinanzeigen GmbH","isCommercial":false},"307":{"id":307,"name":"Quadrant Global Pte Ltd","isCommercial":true},"327":{"id":327,"name":"FUNCORP LIMITED","isCommercial":false},"277":{"id":277,"name":"Edipresse Polska S.A.","isCommercial":false},"319":{"id":319,"name":"BEDROCK","isCommercial":true},"308":{"id":308,"name":"Marktplaats B.v","isCommercial":false},"316":{"id":316,"name":"Multimedia Internet Services GmbH","isCommercial":true},"321":{"id":321,"name":"XITE Networks Netherlands BV","isCommercial":false},"330":{"id":330,"name":"Grupa RMF sp. z o.o. sp. k.","isCommercial":false},"312":{"id":312,"name":"Securiti, Inc.","isCommercial":true},"310":{"id":310,"name":"REISinformatiegroep BV","isCommercial":false},"332":{"id":332,"name":"Complianz BV","isCommercial":true}}}